City_ID,City,Lat,Lng,Max Temp,Humidity,Cloudiness,Wind Speed,Country,Date,Current Description
0,Rikitea,-23.1203,-134.9692,71.64,76,2,3.53,PF,2021-07-30 01:34:05,clear sky
1,Albany,42.6001,-73.9662,70.66,94,92,4.68,US,2021-07-30 01:37:05,overcast clouds
2,Maracas,-13.4411,-40.4308,64.54,76,1,7.47,BR,2021-07-30 01:37:19,clear sky
3,Naze,28.3667,129.4833,85.12,78,100,1.34,JP,2021-07-30 01:37:20,overcast clouds
4,Bredasdorp,-34.5322,20.0403,47.52,87,12,5.75,ZA,2021-07-30 01:37:20,few clouds
5,Castro,-24.7911,-50.0119,33.82,60,0,2.82,BR,2021-07-30 01:37:20,clear sky
6,Ushuaia,-54.8,-68.3,42.46,49,0,10.36,AR,2021-07-30 01:37:21,clear sky
7,Duluth,46.7833,-92.1066,73.98,56,1,8.05,US,2021-07-30 01:37:21,clear sky
8,Corrente,-3.7367,-43.3394,73.96,89,54,4.25,BR,2021-07-30 01:37:21,broken clouds
9,Severo-Kurilsk,50.6789,156.125,62.35,87,93,4.05,RU,2021-07-30 01:37:22,overcast clouds
10,Bluff,-46.6,168.3333,50.81,74,100,3.71,NZ,2021-07-30 01:33:48,moderate rain
11,Makushino,55.2103,67.2442,60.67,55,99,11.7,RU,2021-07-30 01:37:22,overcast clouds
12,Atuona,-9.8,-139.0333,77.14,81,100,12.82,PF,2021-07-30 01:37:23,overcast clouds
13,Hobart,-42.8794,147.3294,55.26,64,75,4.0,AU,2021-07-30 01:37:23,broken clouds
14,Bardiyah,31.7561,25.0865,78.1,77,0,13.27,LY,2021-07-30 01:37:23,clear sky
15,Jiuquan,39.7432,98.5174,85.53,15,0,7.87,CN,2021-07-30 01:37:24,clear sky
16,Teknaf,20.8624,92.3058,80.19,91,100,11.72,BD,2021-07-30 01:37:24,overcast clouds
17,Tongliao,43.6125,122.2653,71.29,94,100,7.09,CN,2021-07-30 01:34:58,light rain
18,Micheweni,-4.9667,39.8333,73.15,80,70,12.48,TZ,2021-07-30 01:37:24,broken clouds
19,Saldanha,-33.0117,17.9442,52.41,84,4,4.54,ZA,2021-07-30 01:35:47,clear sky
20,Tasiilaq,65.6145,-37.6368,48.36,74,36,4.12,GL,2021-07-30 01:37:25,scattered clouds
21,Chokurdakh,70.6333,147.9167,51.49,43,83,4.72,RU,2021-07-30 01:37:15,broken clouds
22,Khatanga,71.9667,102.5,84.65,40,0,9.71,RU,2021-07-30 01:33:54,clear sky
23,Carnarvon,-24.8667,113.6333,66.27,65,75,14.97,AU,2021-07-30 01:37:25,broken clouds
24,Kapaa,22.0752,-159.319,85.98,71,75,3.0,US,2021-07-30 01:37:26,light rain
25,Hermanus,-34.4187,19.2345,51.91,81,16,7.29,ZA,2021-07-30 01:37:03,few clouds
26,Lasa,46.6166,10.7002,61.68,95,4,2.08,IT,2021-07-30 01:37:26,clear sky
27,Okhotsk,59.3833,143.3,62.65,44,32,17.27,RU,2021-07-30 01:37:26,scattered clouds
28,Geraldton,-28.7667,114.6,64.81,72,75,23.02,AU,2021-07-30 01:37:27,broken clouds
29,Mataura,-46.1927,168.8643,50.49,81,100,3.13,NZ,2021-07-30 01:33:20,light rain
30,Vardo,70.3705,31.1107,45.03,86,100,4.99,NO,2021-07-30 01:33:22,overcast clouds
31,Saskylakh,71.9167,114.0833,83.1,38,17,6.02,RU,2021-07-30 01:37:27,few clouds
32,Tuktoyaktuk,69.4541,-133.0374,57.2,88,75,10.36,CA,2021-07-30 01:37:28,broken clouds
33,Mizdah,31.4451,12.9801,71.65,44,0,1.21,LY,2021-07-30 01:37:28,clear sky
34,Husavik,66.0449,-17.3389,51.71,93,95,2.13,IS,2021-07-30 01:37:28,overcast clouds
35,Finschhafen,-6.6024,147.8681,83.68,73,92,9.75,PG,2021-07-30 01:37:29,overcast clouds
36,Bousso,10.4795,16.7117,71.92,97,93,2.95,TD,2021-07-30 01:37:29,moderate rain
37,Talas,38.6908,35.5538,56.07,88,0,3.44,TR,2021-07-30 01:37:29,clear sky
38,Mahebourg,-20.4081,57.7,70.09,78,75,14.97,MU,2021-07-30 01:37:25,light rain
39,Tarrafal,15.2833,-23.7667,77.79,79,57,8.5,CV,2021-07-30 01:37:29,broken clouds
40,Severnoye,56.3491,78.3619,57.51,64,98,8.3,RU,2021-07-30 01:37:30,overcast clouds
41,Dzhebariki-Khaya,62.2167,135.8,70.14,37,8,4.05,RU,2021-07-30 01:36:42,clear sky
42,Breves,-1.6822,-50.4803,72.54,97,48,1.86,BR,2021-07-30 01:37:30,scattered clouds
43,Kungurtug,50.5994,97.5228,59.11,54,36,1.7,RU,2021-07-30 01:37:31,scattered clouds
44,Vaini,-21.2,-175.2,75.36,88,75,6.91,TO,2021-07-30 01:37:31,light intensity drizzle
45,Nata,8.3333,-80.5167,77.47,86,100,6.98,PA,2021-07-30 01:37:31,overcast clouds
46,Nikolskoye,59.7035,30.7861,62.49,90,56,6.17,RU,2021-07-30 01:33:27,broken clouds
47,Murgab,37.4966,61.9714,75.07,43,0,9.22,TM,2021-07-30 01:37:31,clear sky
48,Bathsheba,13.2167,-59.5167,81.21,74,20,12.66,BB,2021-07-30 01:37:32,few clouds
49,Eyl,7.9803,49.8164,77.65,70,100,18.48,SO,2021-07-30 01:37:32,overcast clouds
50,Srivardhan,18.0333,73.0167,80.26,86,100,14.65,IN,2021-07-30 01:37:32,overcast clouds
51,Codrington,-38.2667,141.9667,54.32,64,57,26.53,AU,2021-07-30 01:37:33,broken clouds
52,Revda,56.801,59.9303,56.21,65,100,10.11,RU,2021-07-30 01:37:33,overcast clouds
53,Tessalit,20.1986,1.0114,85.84,42,37,4.56,ML,2021-07-30 01:37:33,scattered clouds
54,Svetlogorsk,52.6333,29.7333,61.47,97,15,6.08,BY,2021-07-30 01:37:34,few clouds
55,Bengkulu,-3.8004,102.2655,81.5,73,37,5.12,ID,2021-07-30 01:34:21,scattered clouds
56,Hilo,19.7297,-155.09,83.93,69,40,6.91,US,2021-07-30 01:35:09,scattered clouds
57,Dikson,73.5069,80.5464,42.21,89,100,13.2,RU,2021-07-30 01:37:34,light rain
58,Sovetskiy,61.3614,63.5842,49.87,67,77,3.44,RU,2021-07-30 01:37:35,broken clouds
59,Provideniya,64.3833,-173.3,51.91,76,75,15.66,RU,2021-07-30 01:37:35,broken clouds
60,Tazovskiy,67.4667,78.7,54.57,88,72,13.78,RU,2021-07-30 01:37:35,broken clouds
61,Jamestown,42.097,-79.2353,74.52,83,40,5.57,US,2021-07-30 01:37:36,scattered clouds
62,Hasaki,35.7333,140.8333,84.6,77,19,8.66,JP,2021-07-30 01:37:36,few clouds
63,Dukat,62.55,155.55,35.46,89,100,6.13,RU,2021-07-30 01:37:36,light rain
64,Kyren,51.6828,102.1408,55.67,97,100,0.58,RU,2021-07-30 01:37:37,light rain
65,Butaritari,3.0707,172.7902,83.7,71,11,12.08,KI,2021-07-30 01:34:28,few clouds
66,Narsaq,60.9167,-46.05,48.42,87,100,2.35,GL,2021-07-30 01:37:30,overcast clouds
67,Busselton,-33.65,115.3333,51.04,72,92,27.04,AU,2021-07-30 01:37:37,overcast clouds
68,Matara,5.9485,80.5353,80.4,84,32,12.28,LK,2021-07-30 01:37:37,scattered clouds
69,Paamiut,61.994,-49.6678,43.43,87,100,3.27,GL,2021-07-30 01:34:06,overcast clouds
70,Beira,-19.8436,34.8389,59.09,100,0,5.75,MZ,2021-07-30 01:37:38,clear sky
71,Broome,42.2506,-75.833,70.61,94,75,1.01,US,2021-07-30 01:36:38,broken clouds
72,Atar,20.5169,-13.0499,83.21,45,56,8.1,MR,2021-07-30 01:37:38,broken clouds
73,Cherskiy,68.75,161.3,37.78,64,100,20.58,RU,2021-07-30 01:37:31,overcast clouds
74,Romitan,39.9343,64.3814,73.35,33,0,11.5,UZ,2021-07-30 01:37:38,clear sky
75,Mitsamiouli,-11.3847,43.2844,75.47,71,7,8.68,KM,2021-07-30 01:37:39,light rain
76,Yatou,37.15,122.3833,80.19,80,91,18.61,CN,2021-07-30 01:37:39,light rain
77,Lapas,38.1,21.4167,82.2,64,0,0.0,GR,2021-07-30 01:37:39,clear sky
78,Hithadhoo,-0.6,73.0833,82.36,70,99,2.86,MV,2021-07-30 01:37:39,overcast clouds
79,Sayyan,15.1718,44.3244,64.15,61,51,3.18,YE,2021-07-30 01:37:40,broken clouds
80,Georgetown,5.4112,100.3354,80.53,83,20,4.61,MY,2021-07-30 01:37:31,few clouds
81,Avarua,-21.2078,-159.775,77.05,61,75,8.05,CK,2021-07-30 01:37:40,broken clouds
82,Alugan,12.2188,125.4808,89.71,58,96,5.86,PH,2021-07-30 01:37:41,overcast clouds
83,Taltal,-25.4,-70.4833,62.04,53,0,4.68,CL,2021-07-30 01:37:41,clear sky
84,Longyearbyen,78.2186,15.6401,42.64,81,75,3.44,SJ,2021-07-30 01:37:41,light rain
85,Soligalich,59.0778,42.2864,57.76,98,14,4.94,RU,2021-07-30 01:37:42,few clouds
86,Natal,-5.795,-35.2094,79.02,83,20,8.05,BR,2021-07-30 01:37:42,few clouds
87,Lagos,6.5833,3.75,77.32,89,32,3.91,NG,2021-07-30 01:37:17,scattered clouds
88,Amudalavalasa,18.4167,83.9,79.3,77,100,4.61,IN,2021-07-30 01:37:42,overcast clouds
89,Dunedin,-45.8742,170.5036,48.79,87,64,17.0,NZ,2021-07-30 01:37:43,broken clouds
90,Sola,-13.8833,167.55,79.65,77,82,4.12,VU,2021-07-30 01:37:43,light rain
91,Dayong,25.0209,118.2898,89.28,68,100,1.59,CN,2021-07-30 01:37:43,light rain
92,Yellowknife,62.456,-114.3525,72.12,43,40,8.05,CA,2021-07-30 01:37:44,scattered clouds
93,Sosnovo-Ozerskoye,52.5249,111.5418,66.78,63,100,13.35,RU,2021-07-30 01:37:44,overcast clouds
94,Zhoucheng,35.9122,116.3117,78.89,76,27,8.37,CN,2021-07-30 01:37:44,scattered clouds
95,Lokomotivnyy,53.0118,60.5684,60.75,50,100,11.32,RU,2021-07-30 01:37:45,overcast clouds
96,Arman,59.7,150.1667,59.63,44,2,16.31,RU,2021-07-30 01:37:45,clear sky
97,Kodiak,57.79,-152.4072,56.71,67,90,4.61,US,2021-07-30 01:33:17,overcast clouds
98,Cidreira,-30.1811,-50.2056,45.09,72,12,9.22,BR,2021-07-30 01:33:22,few clouds
99,Khani,41.9563,42.9566,58.57,88,15,4.47,GE,2021-07-30 01:37:46,few clouds
100,Acapulco,16.8634,-99.8901,85.82,66,75,4.61,MX,2021-07-30 01:37:24,broken clouds
101,Sibolga,1.7427,98.7792,81.36,71,100,0.4,ID,2021-07-30 01:37:46,overcast clouds
102,Upernavik,72.7868,-56.1549,45.18,87,99,4.38,GL,2021-07-30 01:34:31,overcast clouds
103,Ron,15.6667,75.7333,73.0,82,99,16.13,IN,2021-07-30 01:37:46,overcast clouds
104,Pittsburg,38.028,-121.8847,101.03,32,1,4.0,US,2021-07-30 01:36:22,clear sky
105,Berlevag,70.8578,29.0864,44.24,84,100,3.69,NO,2021-07-30 01:33:59,overcast clouds
106,Poya,-21.35,165.15,76.35,57,6,11.61,NC,2021-07-30 01:37:47,clear sky
107,Totskoye,52.5248,52.7623,69.15,54,98,5.32,RU,2021-07-30 01:37:47,light rain
108,Airai,-8.9266,125.4092,75.51,32,5,3.85,TL,2021-07-30 01:37:48,clear sky
109,Itaituba,-4.2761,-55.9836,78.06,45,54,1.9,BR,2021-07-30 01:37:48,broken clouds
110,Asyut,27.181,31.1837,80.78,25,95,5.28,EG,2021-07-30 01:37:49,overcast clouds
111,Ulladulla,-35.35,150.4667,62.87,33,0,2.33,AU,2021-07-30 01:34:32,clear sky
112,Saint-Philippe,-21.3585,55.7679,67.59,84,96,15.59,RE,2021-07-30 01:37:34,light rain
113,Nanning,22.8167,108.3167,84.65,73,100,4.03,CN,2021-07-30 01:37:49,overcast clouds
114,Eregli,37.5133,34.0467,61.47,48,0,1.03,TR,2021-07-30 01:37:50,clear sky
115,Sitka,57.0531,-135.33,69.69,64,20,4.61,US,2021-07-30 01:24:45,few clouds
116,Eureka,40.8021,-124.1637,65.19,74,44,3.0,US,2021-07-30 01:34:01,scattered clouds
117,Dingle,10.9995,122.6711,87.48,65,60,13.22,PH,2021-07-30 01:37:50,broken clouds
118,Avera,33.194,-82.5271,89.47,57,5,6.49,US,2021-07-30 01:35:03,clear sky
119,Lebu,-37.6167,-73.65,48.56,84,0,5.37,CL,2021-07-30 01:37:51,clear sky
120,Tevriz,57.509,72.4042,53.2,92,94,6.44,RU,2021-07-30 01:37:51,overcast clouds
121,Samarai,-10.6167,150.6667,80.02,85,50,14.29,PG,2021-07-30 01:37:51,scattered clouds
122,Verkhoyansk,67.5447,133.385,67.03,32,18,0.31,RU,2021-07-30 01:37:52,few clouds
123,Fortuna,40.5982,-124.1573,63.93,79,1,1.99,US,2021-07-30 01:37:52,clear sky
124,Guanica,17.9716,-66.908,82.22,81,95,5.99,PR,2021-07-30 01:37:52,overcast clouds
125,Chuy,-33.6971,-53.4616,40.93,86,9,5.68,UY,2021-07-30 01:33:58,clear sky
126,Santiago,-33.4569,-70.6483,58.86,37,0,5.75,CL,2021-07-30 01:33:59,clear sky
127,Mweka,-4.85,21.5667,65.86,44,9,1.34,CD,2021-07-30 01:37:53,clear sky
128,Podyuga,61.095,40.8647,56.12,99,68,4.45,RU,2021-07-30 01:37:53,broken clouds
129,Torbay,47.6666,-52.7314,60.58,81,1,16.11,CA,2021-07-30 01:34:20,clear sky
130,Babayurt,43.6002,46.7789,66.27,78,0,7.16,RU,2021-07-30 01:37:54,clear sky
131,Mormugao,15.4,73.8,79.86,100,75,11.5,IN,2021-07-30 01:37:54,broken clouds
132,Qaanaaq,77.484,-69.3632,39.72,88,69,7.58,GL,2021-07-30 01:37:54,broken clouds
133,Navsari,20.9524,72.9324,82.29,87,100,18.28,IN,2021-07-30 01:37:55,overcast clouds
134,Nicoya,10.1483,-85.452,83.75,88,54,2.75,CR,2021-07-30 01:37:55,broken clouds
135,Ugoofaaru,5.6667,73.0,82.35,73,34,8.16,MV,2021-07-30 01:37:55,scattered clouds
136,Chifeng,42.2683,118.9636,66.29,96,100,6.35,CN,2021-07-30 01:37:56,moderate rain
137,Mantua,45.1667,10.7833,75.74,85,4,1.01,IT,2021-07-30 01:37:57,clear sky
138,Gillette,44.2911,-105.5022,81.52,40,90,10.0,US,2021-07-30 01:32:57,overcast clouds
139,Sibut,5.718,19.0739,69.73,97,88,1.21,CF,2021-07-30 01:37:57,light rain
140,Barrow,71.2906,-156.7887,53.62,82,90,5.75,US,2021-07-30 01:37:57,light rain
141,Pirot,43.1531,22.5861,77.97,80,0,0.65,RS,2021-07-30 01:37:59,clear sky
142,Opuwo,-18.0607,13.84,55.98,27,8,10.13,NA,2021-07-30 01:37:59,clear sky
143,Padang,-0.9492,100.3543,75.25,64,100,0.89,ID,2021-07-30 01:37:59,overcast clouds
144,Salalah,17.0151,54.0924,78.89,89,90,12.66,OM,2021-07-30 01:38:00,overcast clouds
145,Adre,13.4667,22.2,72.36,81,31,3.33,TD,2021-07-30 01:38:00,scattered clouds
146,Thompson,55.7435,-97.8558,73.56,46,75,3.44,CA,2021-07-30 01:38:01,broken clouds
147,Leningradskiy,69.3833,178.4167,32.79,97,100,20.36,RU,2021-07-30 01:38:01,light snow
148,Doka,13.5167,35.7667,71.2,95,100,13.27,SD,2021-07-30 01:38:01,overcast clouds
149,Tucuma,-0.1833,-50.05,75.47,92,78,4.72,BR,2021-07-30 01:38:02,broken clouds
150,Matanza,7.3223,-73.0152,65.03,91,96,6.46,CO,2021-07-30 01:38:03,overcast clouds
151,Laguna,38.421,-121.4238,107.76,29,1,5.99,US,2021-07-30 01:38:03,clear sky
152,Alyangula,-13.8483,136.4192,85.87,51,1,3.44,AU,2021-07-30 01:38:04,clear sky
153,Preobrazheniye,42.9019,133.9064,79.83,73,100,4.59,RU,2021-07-30 01:38:04,overcast clouds
154,Ketchikan,55.3422,-131.6461,66.67,72,90,8.05,US,2021-07-30 01:35:19,overcast clouds
155,Neiafu,-18.65,-173.9833,81.28,74,40,10.36,TO,2021-07-30 01:34:36,scattered clouds
156,Mangan,27.5167,88.5333,78.82,91,100,3.67,IN,2021-07-30 01:38:05,overcast clouds
157,Porangatu,-13.4408,-49.1486,70.3,36,0,6.08,BR,2021-07-30 01:38:06,clear sky
158,Savonlinna,61.8699,28.88,61.05,88,75,6.91,FI,2021-07-30 01:38:06,broken clouds
159,Deputatskiy,69.3,139.9,55.94,41,87,4.07,RU,2021-07-30 01:38:06,overcast clouds
160,Panjakent,39.4952,67.6093,66.0,35,4,3.29,TJ,2021-07-30 01:38:07,clear sky
161,Dali,25.7,100.1833,66.52,90,100,3.09,CN,2021-07-30 01:38:07,overcast clouds
162,Muros,42.7762,-9.0603,64.99,85,71,5.19,ES,2021-07-30 01:38:08,broken clouds
163,Maniitsoq,65.4167,-52.9,46.42,77,3,10.92,GL,2021-07-30 01:38:08,clear sky
164,Ayan,56.45,138.1667,55.2,82,100,23.96,RU,2021-07-30 01:38:08,light rain
165,Lompoc,34.6391,-120.4579,76.01,80,90,5.99,US,2021-07-30 01:36:01,overcast clouds
166,Tezu,27.9167,96.1667,76.3,99,100,2.35,IN,2021-07-30 01:38:09,heavy intensity rain
167,Katsuura,35.1333,140.3,86.18,82,26,8.72,JP,2021-07-30 01:37:09,scattered clouds
168,Vestmannaeyjar,63.4427,-20.2734,53.4,92,27,12.8,IS,2021-07-30 01:38:09,scattered clouds
169,Palu,-0.8917,119.8707,87.19,68,92,0.65,ID,2021-07-30 01:38:10,light rain
170,Tocopilla,-22.092,-70.1979,63.27,65,45,5.7,CL,2021-07-30 01:38:10,scattered clouds
171,Komsomolskiy,40.4272,71.7189,79.52,24,90,4.61,UZ,2021-07-30 01:36:17,overcast clouds
172,Constitucion,-35.3333,-72.4167,51.37,76,0,2.28,CL,2021-07-30 01:38:10,clear sky
173,Kenai,60.5544,-151.2583,59.02,79,90,8.05,US,2021-07-30 01:38:11,overcast clouds
174,Sorsk,54.0033,90.2467,61.14,60,33,4.41,RU,2021-07-30 01:38:11,scattered clouds
175,Assai,-23.3733,-50.8414,42.66,45,85,3.65,BR,2021-07-30 01:38:11,overcast clouds
176,Itarema,-2.9248,-39.9167,77.72,86,46,9.28,BR,2021-07-30 01:36:53,scattered clouds
177,Tiksi,71.6872,128.8694,59.0,42,4,3.49,RU,2021-07-30 01:38:12,clear sky
178,Krasnodon,48.2923,39.7373,68.76,77,76,6.13,UA,2021-07-30 01:38:12,light rain
179,Ostrovnoy,68.0531,39.5131,43.02,88,9,2.06,RU,2021-07-30 01:38:13,clear sky
180,Sobolevo,54.4299,31.8996,62.02,98,68,4.45,RU,2021-07-30 01:38:13,light rain
181,Yuncheng,35.0231,110.9928,88.83,44,0,4.9,CN,2021-07-30 01:38:16,clear sky
182,Kutum,14.2,24.6667,79.14,57,87,5.66,SD,2021-07-30 01:38:16,overcast clouds
183,Northam,51.0333,-4.2167,61.02,91,88,24.02,GB,2021-07-30 01:38:17,overcast clouds
184,Anadyr,64.75,177.4833,41.5,87,75,17.9,RU,2021-07-30 01:38:17,light intensity shower rain
185,Manta,-0.95,-80.7333,74.98,78,75,9.22,EC,2021-07-30 01:34:00,broken clouds
186,Brae,60.3964,-1.353,53.51,96,100,8.23,GB,2021-07-30 01:38:19,overcast clouds
187,Luderitz,-26.6481,15.1594,64.96,38,0,11.63,NA,2021-07-30 01:37:50,clear sky
188,Fremont,37.5483,-121.9886,99.37,53,1,1.01,US,2021-07-30 01:28:58,clear sky
189,Svobodnyy,51.4,128.1333,78.17,59,6,7.23,RU,2021-07-30 01:38:20,clear sky
190,Knysna,-34.0363,23.0471,50.38,71,13,4.18,ZA,2021-07-30 01:38:21,few clouds
191,Namatanai,-3.6667,152.4333,85.08,68,19,2.68,PG,2021-07-30 01:38:22,light rain
192,Iqaluit,63.7506,-68.5145,49.73,81,75,0.0,CA,2021-07-30 01:38:22,broken clouds
193,Bairiki,1.3292,172.9752,87.8,70,20,8.05,KI,2021-07-30 01:38:23,few clouds
194,Isangel,-19.55,169.2667,75.92,77,39,8.41,VU,2021-07-30 01:38:23,scattered clouds
195,Gushi,34.6425,109.5843,91.65,33,0,5.48,CN,2021-07-30 01:36:17,clear sky
196,Cayenne,4.9333,-52.3333,77.09,89,0,0.0,GF,2021-07-30 01:36:36,clear sky
197,Hambantota,6.1241,81.1185,77.34,100,20,8.05,LK,2021-07-30 01:38:25,few clouds
198,Adrar,20.5022,-10.0711,86.4,38,49,16.49,MR,2021-07-30 01:38:25,scattered clouds
199,Lata,40.1629,-8.3327,61.81,99,39,1.83,PT,2021-07-30 01:38:26,scattered clouds
200,Catabola,-12.15,17.2833,50.77,37,6,3.89,AO,2021-07-30 01:38:26,clear sky
201,Zyryanka,65.75,150.85,50.02,61,100,7.14,RU,2021-07-30 01:38:26,overcast clouds
202,Mahajanga,-15.7167,46.3167,71.62,64,20,6.91,MG,2021-07-30 01:38:27,few clouds
203,Hobyo,5.3505,48.5268,76.15,82,100,23.62,SO,2021-07-30 01:38:27,overcast clouds
204,Ambilobe,-13.2,49.05,62.53,90,0,3.65,MG,2021-07-30 01:38:28,clear sky
205,Zhigansk,66.7697,123.3711,68.4,39,3,4.99,RU,2021-07-30 01:37:53,clear sky
206,Fukue,32.6881,128.8419,84.56,74,75,6.91,JP,2021-07-30 01:38:28,broken clouds
207,Arlit,18.7369,7.3853,91.35,41,6,10.42,NE,2021-07-30 01:38:29,clear sky
208,Lorengau,-2.0226,147.2712,85.35,68,31,5.21,PG,2021-07-30 01:36:52,scattered clouds
209,Genhe,50.7833,121.5167,76.33,50,2,4.18,CN,2021-07-30 01:38:29,clear sky
210,Soyo,-6.1349,12.3689,71.58,89,13,9.84,AO,2021-07-30 01:38:30,few clouds
211,Olafsvik,64.8945,-23.7142,52.75,87,99,5.08,IS,2021-07-30 01:38:31,overcast clouds
212,Hirara,24.8,125.2833,89.87,79,75,9.22,JP,2021-07-30 01:38:31,broken clouds
213,Colares,38.7992,-9.4469,65.28,78,1,15.99,PT,2021-07-30 01:38:31,clear sky
214,Huarmey,-10.0681,-78.1522,64.81,86,55,8.34,PE,2021-07-30 01:38:32,broken clouds
215,Muisne,0.6,-80.0333,75.22,82,96,7.78,EC,2021-07-30 01:34:55,overcast clouds
216,Beringovskiy,63.05,179.3167,42.51,90,100,11.34,RU,2021-07-30 01:36:52,light rain
217,Mabaruma,8.2,-59.7833,73.29,91,100,2.04,GY,2021-07-30 01:38:33,overcast clouds
218,Dueville,45.6337,11.5502,75.31,87,1,1.01,IT,2021-07-30 01:38:34,clear sky
219,Phangnga,8.4509,98.5298,81.91,95,100,6.2,TH,2021-07-30 01:38:35,moderate rain
220,Phuket,8.0,98.25,82.09,88,75,17.27,TH,2021-07-30 01:38:35,light rain
221,Zapolyarnyy,69.4154,30.8136,45.68,88,100,4.27,RU,2021-07-30 01:38:36,overcast clouds
222,Talnakh,69.4865,88.3972,57.47,91,100,2.35,RU,2021-07-30 01:38:36,light rain
223,Hamilton,39.1834,-84.5333,82.35,83,56,5.32,US,2021-07-30 01:36:35,broken clouds
224,Raga,8.4596,25.678,68.23,96,100,5.59,SS,2021-07-30 01:38:37,overcast clouds
225,Pangnirtung,66.1451,-65.7125,51.39,70,15,2.84,CA,2021-07-30 01:37:48,few clouds
226,Nanortalik,60.1432,-45.2371,46.29,80,100,16.42,GL,2021-07-30 01:38:37,overcast clouds
227,Bethel,41.3712,-73.414,71.69,91,90,1.01,US,2021-07-30 01:38:38,overcast clouds
228,Amot,59.5714,7.9877,55.51,95,100,4.38,NO,2021-07-30 01:38:38,overcast clouds
229,Ahipara,-35.1667,173.1667,62.28,76,57,15.39,NZ,2021-07-30 01:36:55,broken clouds
230,Kahului,20.8947,-156.47,86.02,75,40,29.93,US,2021-07-30 01:38:04,scattered clouds
231,Kurumkan,54.3,110.3,73.44,59,6,3.83,RU,2021-07-30 01:38:39,clear sky
232,Bafq,31.6128,55.4107,78.24,28,2,4.18,IR,2021-07-30 01:38:40,clear sky
233,Faanui,-16.4833,-151.75,78.08,76,36,10.0,PF,2021-07-30 01:38:40,light rain
234,Gat,31.61,34.7642,80.4,79,0,5.5,IL,2021-07-30 01:36:03,clear sky
235,Shiozawa,37.0333,138.85,89.33,61,13,4.74,JP,2021-07-30 01:38:41,few clouds
236,Taoudenni,22.6783,-3.9836,95.31,31,46,9.91,ML,2021-07-30 01:38:41,scattered clouds
237,Kavieng,-2.5744,150.7967,83.84,71,71,3.91,PG,2021-07-30 01:38:23,light rain
238,Praya,14.9215,-23.5087,77.54,73,75,11.5,CV,2021-07-30 01:38:42,broken clouds
239,Tungor,53.3808,142.9564,60.17,98,100,5.41,RU,2021-07-30 01:38:42,overcast clouds
240,Korla,41.7597,86.1469,92.48,18,17,23.31,CN,2021-07-30 01:37:11,few clouds
241,Flagstaff,35.1981,-111.6513,73.06,85,90,10.0,US,2021-07-30 01:38:43,light rain
242,Ritchie,-29.038,24.6028,41.07,47,0,2.77,ZA,2021-07-30 01:38:43,clear sky
243,Andijon,40.7821,72.3442,79.95,21,31,7.65,UZ,2021-07-30 01:38:44,scattered clouds
244,Gamba,-2.65,10.0,73.81,83,99,7.96,GA,2021-07-30 01:38:44,overcast clouds
245,Kompaniyivka,48.2511,32.208,69.49,87,100,9.64,UA,2021-07-30 01:38:45,overcast clouds
246,Paraiso,9.8383,-83.8656,68.16,97,62,2.15,CR,2021-07-30 01:38:45,broken clouds
247,Asau,46.4333,26.4,67.75,95,0,3.67,RO,2021-07-30 01:34:50,clear sky
248,Casper,42.8666,-106.3131,82.99,49,1,5.99,US,2021-07-30 01:38:45,clear sky
249,Faya,18.3851,42.4509,68.11,68,87,4.25,SA,2021-07-30 01:38:46,overcast clouds
250,Coquimbo,-29.9533,-71.3436,49.73,87,20,2.3,CL,2021-07-30 01:34:47,few clouds
251,Zlobin,45.2924,14.6541,65.5,85,0,1.14,HR,2021-07-30 01:38:46,clear sky
252,Tuatapere,-46.1333,167.6833,50.83,76,100,1.32,NZ,2021-07-30 01:34:51,overcast clouds
253,Gorin,51.1983,136.6669,65.97,71,96,10.36,RU,2021-07-30 01:38:47,overcast clouds
254,Impfondo,1.6381,18.0667,72.54,68,37,1.3,CG,2021-07-30 01:38:47,scattered clouds
255,Otradnoye,59.7775,30.8181,62.65,90,57,6.15,RU,2021-07-30 01:38:48,broken clouds
256,Erenhot,43.6475,111.9767,80.71,39,0,12.95,CN,2021-07-30 01:38:48,clear sky
257,Taksimo,56.3444,114.8794,74.01,56,0,3.22,RU,2021-07-30 01:38:49,clear sky
258,Shirgaon,19.7,72.7,81.39,86,100,18.37,IN,2021-07-30 01:38:49,overcast clouds
259,Verkhnetulomskiy,68.6073,31.7962,44.73,86,100,2.82,RU,2021-07-30 01:38:49,overcast clouds
260,Khromtau,50.2503,58.4347,64.87,43,100,6.51,KZ,2021-07-30 01:38:50,overcast clouds
261,Nome,64.5011,-165.4064,50.16,93,90,12.66,US,2021-07-30 01:38:50,overcast clouds
262,Suez,29.9737,32.5263,76.23,63,0,5.44,EG,2021-07-30 01:35:05,clear sky
263,Saint-Cyr-Sur-Loire,47.4,0.6667,61.05,84,90,5.75,FR,2021-07-30 01:38:51,overcast clouds
264,Victoria,22.2855,114.1577,82.38,93,99,4.0,HK,2021-07-30 01:38:30,light rain
265,Kailua,21.4022,-157.7394,89.58,67,75,13.8,US,2021-07-30 01:38:05,broken clouds
266,Buin,-33.7333,-70.75,59.74,34,0,2.64,CL,2021-07-30 01:38:51,clear sky
267,Kaitangata,-46.2817,169.8464,53.92,79,92,8.81,NZ,2021-07-30 01:38:52,overcast clouds
268,Buchanan,5.8808,-10.0467,75.92,84,13,5.53,LR,2021-07-30 01:38:52,few clouds
269,Kudahuvadhoo,2.6708,72.8944,81.72,72,88,3.51,MV,2021-07-30 01:38:12,overcast clouds
270,Caravelas,-17.7125,-39.2481,69.64,82,100,14.72,BR,2021-07-30 01:37:58,overcast clouds
271,Weligama,5.9667,80.4167,80.35,84,34,12.53,LK,2021-07-30 01:38:53,scattered clouds
272,Surovikino,48.6078,42.8486,71.17,48,100,6.62,RU,2021-07-30 01:38:53,overcast clouds
273,Tortoli,39.9256,9.6572,75.02,60,0,0.0,IT,2021-07-30 01:38:54,clear sky
274,Tual,-5.6667,132.75,80.94,82,84,12.86,ID,2021-07-30 01:38:54,broken clouds
275,Loreto,22.2667,-101.9667,69.85,49,100,15.35,MX,2021-07-30 01:38:55,overcast clouds
276,Ilulissat,69.2167,-51.1,48.22,76,96,3.44,GL,2021-07-30 01:38:45,overcast clouds
277,Kiunga,-6.1219,141.2906,83.03,74,94,1.39,PG,2021-07-30 01:38:55,overcast clouds
278,Aksu,41.1231,80.2644,90.34,20,100,6.04,CN,2021-07-30 01:38:56,overcast clouds
279,Magole,-6.3667,37.3667,62.65,88,28,1.34,TZ,2021-07-30 01:38:56,scattered clouds
280,Kangaatsiaq,68.3065,-53.4641,43.36,87,27,8.57,GL,2021-07-30 01:38:56,scattered clouds
281,Strezhevoy,60.7333,77.5889,49.98,96,100,8.46,RU,2021-07-30 01:38:57,light rain
282,Calvinia,-31.4707,19.776,44.06,74,0,3.38,ZA,2021-07-30 01:38:57,clear sky
283,Havoysund,70.9963,24.6622,47.28,82,100,11.54,NO,2021-07-30 01:38:58,overcast clouds
284,Taebla,58.9547,23.7419,64.87,79,2,9.75,EE,2021-07-30 01:38:58,clear sky
285,Marfino,55.7028,37.3822,67.87,94,0,2.24,RU,2021-07-30 01:38:58,clear sky
286,Sorland,67.667,12.6934,50.45,86,36,25.03,NO,2021-07-30 01:38:59,scattered clouds
287,Lincoln,40.8,-96.667,87.71,75,90,1.01,US,2021-07-30 01:34:08,overcast clouds
288,Namtsy,62.7161,129.6658,66.31,34,5,7.94,RU,2021-07-30 01:38:59,clear sky
289,Sistranda,63.7256,8.834,55.9,80,99,13.69,NO,2021-07-30 01:37:08,overcast clouds
290,Tautira,-17.7333,-149.15,80.01,76,27,4.9,PF,2021-07-30 01:34:50,scattered clouds
291,Chara,56.9064,118.2631,66.97,51,39,9.24,RU,2021-07-30 01:39:00,scattered clouds
292,Petropavlovsk-Kamchatskiy,53.0452,158.6483,66.79,100,75,4.47,RU,2021-07-30 01:38:42,broken clouds
293,Rjukan,59.8789,8.5941,58.05,91,100,6.62,NO,2021-07-30 01:39:00,moderate rain
294,Souillac,-20.5167,57.5167,70.18,78,75,14.97,MU,2021-07-30 01:39:00,light rain
295,Camacha,33.0833,-16.3333,67.42,68,20,11.5,PT,2021-07-30 01:34:27,few clouds
296,Flers,48.7372,-0.5747,59.25,87,99,10.67,FR,2021-07-30 01:39:01,overcast clouds
297,Mlonggo,-6.5333,110.7,82.29,58,22,1.48,ID,2021-07-30 01:39:02,few clouds
298,Pochutla,15.7432,-96.4661,80.42,90,100,2.19,MX,2021-07-30 01:39:02,overcast clouds
299,Camopi,3.1655,-52.3158,71.22,99,12,1.95,GF,2021-07-30 01:39:03,few clouds
300,Maruko,36.3167,138.2667,84.87,58,5,3.53,JP,2021-07-30 01:39:03,clear sky
301,Harper,4.375,-7.7169,75.52,86,100,5.39,LR,2021-07-30 01:39:04,overcast clouds
302,Zeya,53.75,127.2667,66.9,65,63,9.46,RU,2021-07-30 01:39:04,broken clouds
303,Axim,4.8699,-2.2405,75.6,89,19,7.45,GH,2021-07-30 01:39:04,few clouds
304,Danville,36.586,-79.395,86.23,71,1,3.44,US,2021-07-30 01:35:03,clear sky
305,Ancud,-41.8697,-73.8203,44.13,87,100,9.08,CL,2021-07-30 01:39:05,overcast clouds
306,Kenitra,34.261,-6.5802,72.73,96,55,3.91,MA,2021-07-30 01:39:05,broken clouds
307,Hami,42.8,93.45,95.41,15,3,0.92,CN,2021-07-30 01:39:06,clear sky
308,Manthani,18.65,79.6667,79.9,76,97,10.22,IN,2021-07-30 01:39:06,overcast clouds
309,Nalut,30.3333,10.85,79.97,25,0,10.56,LY,2021-07-30 01:34:56,clear sky
310,Wexford,52.3342,-6.4575,55.67,93,100,17.31,IE,2021-07-30 01:39:07,light rain
311,Kondinskoye,59.6481,67.41,48.38,79,40,6.17,RU,2021-07-30 01:39:07,scattered clouds
312,Valparaiso,-33.0393,-71.6273,50.47,83,20,5.75,CL,2021-07-30 01:38:25,few clouds
313,Nouadhibou,20.931,-17.0347,67.98,94,75,11.5,MR,2021-07-30 01:39:08,broken clouds
314,Auburn,47.3073,-122.2284,93.25,37,20,3.0,US,2021-07-30 01:35:55,few clouds
315,Librazhd,41.1794,20.315,65.5,26,0,4.03,AL,2021-07-30 01:39:08,clear sky
316,Riviere-Au-Renard,48.9957,-64.3971,64.4,73,100,5.68,CA,2021-07-30 01:39:09,overcast clouds
317,Dudinka,69.4058,86.1778,56.26,95,100,6.78,RU,2021-07-30 01:39:09,light rain
318,Seoul,37.5683,126.9778,89.17,56,0,6.91,KR,2021-07-30 01:35:10,clear sky
319,Aripuana,-9.1667,-60.6333,65.35,49,0,3.04,BR,2021-07-30 01:39:10,clear sky
320,Alappuzha,9.49,76.3264,79.68,79,94,9.53,IN,2021-07-30 01:39:10,overcast clouds
321,Morondava,-20.2833,44.2833,69.42,62,30,4.63,MG,2021-07-30 01:39:10,scattered clouds
322,Mazagao,-0.115,-51.2894,80.65,96,88,2.26,BR,2021-07-30 01:39:11,overcast clouds
323,Xining,36.6167,101.7667,69.4,35,0,0.85,CN,2021-07-30 01:39:11,clear sky
324,Yulara,-25.2406,130.9889,69.64,35,0,8.05,AU,2021-07-30 01:39:12,clear sky
325,Toppenish,46.3774,-120.3087,101.01,14,36,8.28,US,2021-07-30 01:39:12,scattered clouds
326,Oistins,13.0667,-59.5333,80.69,74,20,12.66,BB,2021-07-30 01:39:12,few clouds
327,Kruisfontein,-34.0033,24.7314,45.88,79,3,5.91,ZA,2021-07-30 01:39:06,clear sky
328,Mago,53.2514,140.1822,59.76,93,100,4.63,RU,2021-07-30 01:39:13,overcast clouds
329,Balkhash,46.844,74.9804,70.41,28,40,8.95,KZ,2021-07-30 01:39:13,scattered clouds
330,Esperance,-33.8667,121.9,55.24,67,97,26.69,AU,2021-07-30 01:37:01,overcast clouds
331,Tutoia,-2.7619,-42.2744,78.28,87,100,9.06,BR,2021-07-30 01:39:14,overcast clouds
332,Kijang,35.2442,129.2139,87.53,58,94,10.94,KR,2021-07-30 01:39:14,overcast clouds
333,Kavaratti,10.5669,72.642,82.33,75,98,15.37,IN,2021-07-30 01:39:15,overcast clouds
334,Ixtapa,20.7,-105.2,85.23,79,75,9.22,MX,2021-07-30 01:39:15,broken clouds
335,George,-33.963,22.4617,47.75,87,0,4.61,ZA,2021-07-30 01:39:15,clear sky
336,Woodward,36.4337,-99.3904,90.63,47,1,5.75,US,2021-07-30 01:39:16,clear sky
337,Coxim,-18.5067,-54.76,53.92,21,0,5.73,BR,2021-07-30 01:39:16,clear sky
338,Leh,34.1667,77.5833,60.91,67,96,2.89,IN,2021-07-30 01:37:29,overcast clouds
339,Khandyga,62.6667,135.6,69.96,37,47,4.61,RU,2021-07-30 01:39:16,scattered clouds
340,Jasper,37.2001,-94.3502,86.99,70,3,7.36,US,2021-07-30 01:38:53,clear sky
341,Zonguldak,41.25,31.8333,61.03,62,0,4.54,TR,2021-07-30 01:39:17,clear sky
342,Dhanera,24.5167,72.0167,81.59,81,95,14.83,IN,2021-07-30 01:39:17,overcast clouds
343,Kralendijk,12.15,-68.2667,80.58,83,54,12.66,BQ,2021-07-30 01:39:18,broken clouds
344,Sterling,39.0062,-77.4286,79.36,88,75,4.61,US,2021-07-30 01:39:18,broken clouds
345,Cosoleacaque,18.0,-94.6167,77.76,85,68,7.16,MX,2021-07-30 01:39:19,broken clouds
346,Lekoni,-1.5843,14.2591,80.83,44,100,6.46,GA,2021-07-30 01:39:19,overcast clouds
347,Bunia,1.5667,30.25,64.18,88,95,1.81,CD,2021-07-30 01:39:19,overcast clouds
348,Acajutla,13.5928,-89.8275,79.52,84,94,5.21,SV,2021-07-30 01:39:20,overcast clouds
349,Antofagasta,-23.65,-70.4,64.22,68,7,5.88,CL,2021-07-30 01:39:20,clear sky
350,Vao,-22.6667,167.4833,71.35,70,2,20.04,NC,2021-07-30 01:39:18,clear sky
351,Neuquen,-38.9516,-68.0591,42.69,70,0,0.0,AR,2021-07-30 01:34:59,dust
352,Oussouye,12.485,-16.5469,78.98,82,100,4.63,SN,2021-07-30 01:39:21,overcast clouds
353,Bubaque,11.2833,-15.8333,78.48,85,100,15.23,GW,2021-07-30 01:39:21,moderate rain
354,Mpulungu,-8.7623,31.1141,65.8,55,0,7.63,ZM,2021-07-30 01:39:21,clear sky
355,Sturgis,41.7992,-85.4192,76.14,54,1,6.91,US,2021-07-30 01:39:22,clear sky
356,Texarkana,33.4251,-94.0477,91.62,65,1,3.44,US,2021-07-30 01:39:22,clear sky
357,Utran,21.2333,72.8667,82.29,83,75,9.22,IN,2021-07-30 01:39:22,haze
358,Pevek,69.7008,170.3133,32.04,98,100,25.81,RU,2021-07-30 01:39:23,light snow
359,Inuvik,68.3499,-133.7218,67.21,57,90,4.61,CA,2021-07-30 01:39:23,overcast clouds
360,Ibra,22.6906,58.5334,83.5,56,100,6.33,OM,2021-07-30 01:39:23,overcast clouds
361,Carutapera,-1.195,-46.02,75.47,93,29,6.02,BR,2021-07-30 01:39:24,scattered clouds
362,Sinnamary,5.3833,-52.95,78.19,84,6,5.79,GF,2021-07-30 01:35:51,clear sky
363,Hoopstad,-27.8327,25.9083,36.82,41,0,2.57,ZA,2021-07-30 01:39:24,clear sky
364,Derzhavinsk,51.1,66.3167,61.66,46,6,2.04,KZ,2021-07-30 01:39:25,clear sky
365,Mountrath,52.9989,-7.4728,55.62,90,100,6.15,IE,2021-07-30 01:39:25,moderate rain
366,Kathu,7.9178,98.3332,81.7,92,86,19.75,TH,2021-07-30 01:39:26,light rain
367,Rocha,-34.4833,-54.3333,39.15,84,6,4.83,UY,2021-07-30 01:39:26,clear sky
368,Vilhena,-12.7406,-60.1458,55.8,43,5,3.76,BR,2021-07-30 01:39:26,clear sky
369,Shenzhen,22.5455,114.0683,82.27,96,86,2.86,CN,2021-07-30 01:39:09,light rain
370,Weyburn,49.6668,-103.8511,79.02,27,89,11.5,CA,2021-07-30 01:35:35,overcast clouds
371,Mandalgovi,45.7625,106.2708,68.94,43,5,13.89,MN,2021-07-30 01:39:27,clear sky
372,Saint-Augustin,51.226,-58.6502,53.47,74,35,7.23,CA,2021-07-30 01:36:43,scattered clouds
373,Namibe,-15.1961,12.1522,63.7,80,1,1.16,AO,2021-07-30 01:39:27,clear sky
374,Sisimiut,66.9395,-53.6735,48.09,77,89,3.98,GL,2021-07-30 01:39:28,overcast clouds
375,Yar-Sale,66.8333,70.8333,50.65,90,94,16.98,RU,2021-07-30 01:39:18,overcast clouds
376,Srednekolymsk,67.45,153.6833,47.79,53,94,9.44,RU,2021-07-30 01:39:28,overcast clouds
377,Tiznit,29.5833,-9.5,86.07,32,57,13.53,MA,2021-07-30 01:39:29,broken clouds
378,Kendari,-3.945,122.4989,79.74,85,94,2.53,ID,2021-07-30 01:39:29,overcast clouds
379,Beroroha,-21.6667,45.1667,64.62,74,0,4.47,MG,2021-07-30 01:39:29,clear sky
380,Camana,-16.6228,-72.7111,60.12,85,67,5.35,PE,2021-07-30 01:39:30,broken clouds
381,Shihezi,44.3,86.0333,85.5,24,100,0.89,CN,2021-07-30 01:39:30,overcast clouds
382,Coihaique,-45.5752,-72.0662,40.95,93,90,4.61,CL,2021-07-30 01:39:30,moderate rain
383,Gongzhuling,43.5008,124.8198,72.82,92,100,8.46,CN,2021-07-30 01:39:31,light rain
384,Naryan-Mar,67.6713,53.087,46.94,84,25,3.71,RU,2021-07-30 01:39:31,scattered clouds
385,Sorong,-0.8833,131.25,83.98,72,44,3.83,ID,2021-07-30 01:37:19,scattered clouds
386,Kargasok,59.0556,80.8572,57.4,69,72,8.01,RU,2021-07-30 01:39:32,broken clouds
387,Gardanne,43.4549,5.4691,71.49,64,0,0.76,FR,2021-07-30 01:39:32,clear sky
388,Tarko-Sale,64.9225,77.785,52.92,66,4,15.17,RU,2021-07-30 01:39:33,clear sky
389,Saint-Georges,12.0564,-61.7485,80.28,83,20,10.36,GD,2021-07-30 01:39:33,few clouds
390,Thinadhoo,0.5333,72.9333,82.08,73,100,5.91,MV,2021-07-30 01:39:33,overcast clouds
391,Houston,29.7633,-95.3633,89.8,68,75,3.0,US,2021-07-30 01:33:54,broken clouds
392,Buala,-8.145,159.5921,85.17,68,4,7.38,SB,2021-07-30 01:39:03,clear sky
393,Port-Cartier,50.0334,-66.8654,61.02,91,100,4.72,CA,2021-07-30 01:39:34,overcast clouds
394,Caohai,26.8661,104.2841,69.24,59,42,1.32,CN,2021-07-30 01:39:34,scattered clouds
395,Novoagansk,61.9449,76.6625,48.25,95,100,10.54,RU,2021-07-30 01:39:34,overcast clouds
396,Viedma,-40.8135,-62.9967,52.97,31,5,15.5,AR,2021-07-30 01:39:11,clear sky
397,Havelock,34.8791,-76.9013,82.38,86,1,5.01,US,2021-07-30 01:35:24,clear sky
398,Valdivia,-39.8142,-73.2459,42.94,94,12,1.23,CL,2021-07-30 01:38:56,few clouds
399,Arcoverde,-8.4189,-37.0539,64.13,74,57,4.16,BR,2021-07-30 01:39:37,broken clouds
400,Mehriz,31.5917,54.4318,73.9,26,8,1.39,IR,2021-07-30 01:39:37,clear sky
401,Bandarbeyla,9.4942,50.8122,77.09,75,100,27.72,SO,2021-07-30 01:39:37,overcast clouds
402,Moanda,-1.5575,13.2178,72.59,64,6,3.6,GA,2021-07-30 01:39:38,clear sky
403,Olga,43.7444,135.2892,81.61,67,100,5.3,RU,2021-07-30 01:38:07,overcast clouds
404,Necochea,-38.5473,-58.7368,43.03,65,0,10.71,AR,2021-07-30 01:38:07,clear sky
405,Poum,-20.2333,164.0167,73.9,69,3,12.3,NC,2021-07-30 01:39:38,clear sky
406,Vestmanna,62.1564,-7.1664,50.92,100,90,3.44,FO,2021-07-30 01:39:39,overcast clouds
407,Lyubim,58.3625,40.6843,59.25,97,3,4.59,RU,2021-07-30 01:39:39,clear sky
408,Tanete,-3.9443,119.7848,86.45,62,99,8.88,ID,2021-07-30 01:39:40,overcast clouds
409,Oktyabrskoye,43.0645,44.7417,55.54,93,0,4.47,RU,2021-07-30 01:39:40,clear sky
410,Lobva,59.1854,60.5185,53.29,86,100,0.56,RU,2021-07-30 01:39:40,overcast clouds
411,Moyo,3.6609,31.7247,62.96,97,100,1.52,UG,2021-07-30 01:39:41,overcast clouds
412,Bonthe,7.5264,-12.505,76.6,82,40,5.59,SL,2021-07-30 01:39:41,light rain
413,Brigg,53.552,-0.4921,56.14,93,100,0.0,GB,2021-07-30 01:39:42,overcast clouds
414,Angoram,-4.0625,144.0661,90.66,56,53,1.83,PG,2021-07-30 01:39:42,broken clouds
415,Yabassi,4.457,9.9682,76.64,98,98,0.94,CM,2021-07-30 01:39:42,light rain
416,Yumen,40.2833,97.2,85.21,16,0,20.78,CN,2021-07-30 01:35:47,clear sky
417,Kulhudhuffushi,6.6221,73.07,82.35,73,76,9.46,MV,2021-07-30 01:39:43,broken clouds
418,Mapimi,25.8167,-103.85,86.77,48,77,7.29,MX,2021-07-30 01:39:43,broken clouds
419,Tumsar,21.3833,79.7333,74.41,92,100,7.23,IN,2021-07-30 01:39:44,heavy intensity rain
420,Bambanglipuro,-7.95,110.2833,81.63,74,60,9.35,ID,2021-07-30 01:36:27,broken clouds
421,Itacoatiara,-3.1431,-58.4442,76.5,55,48,1.88,BR,2021-07-30 01:37:27,scattered clouds
422,Tsiroanomandidy,-18.7667,46.0333,55.71,85,3,1.88,MG,2021-07-30 01:39:44,clear sky
423,Mugur-Aksy,50.35,90.5,57.97,58,51,4.09,RU,2021-07-30 01:39:45,broken clouds
424,Ilebo,-4.3167,20.5833,67.26,40,11,0.78,CD,2021-07-30 01:39:45,few clouds
425,Savelugu,9.6244,-0.8253,77.67,68,100,5.1,GH,2021-07-30 01:39:46,overcast clouds
426,Vrangel,42.7297,133.0839,78.08,73,100,4.47,RU,2021-07-30 01:39:46,overcast clouds
427,Columbia,34.0007,-81.0348,87.28,76,33,0.0,US,2021-07-30 01:38:24,scattered clouds
428,Naantali,60.4674,22.0243,62.85,82,0,3.44,FI,2021-07-30 01:39:46,clear sky
429,Baykit,61.67,96.37,62.55,93,100,3.98,RU,2021-07-30 01:39:47,overcast clouds
430,Lebork,54.5392,17.7501,58.91,72,3,10.94,PL,2021-07-30 01:39:47,clear sky
431,Monrovia,6.3005,-10.7969,76.5,81,18,6.73,LR,2021-07-30 01:39:47,few clouds
432,Iwanai,42.9744,140.5089,84.65,68,15,2.64,JP,2021-07-30 01:39:48,few clouds
433,Kununurra,-15.7667,128.7333,84.18,51,2,2.3,AU,2021-07-30 01:39:48,clear sky
434,Pechenga,69.5259,31.1703,47.26,86,100,3.15,RU,2021-07-30 01:39:48,overcast clouds
435,Palana,59.1167,159.9667,47.08,71,8,12.88,RU,2021-07-30 01:39:49,clear sky
436,Baillif,16.0202,-61.7463,80.1,79,100,12.48,GP,2021-07-30 01:39:50,overcast clouds
437,Chesma,53.8111,60.6533,59.63,49,100,11.95,RU,2021-07-30 01:39:50,overcast clouds
438,Dhidhdhoo,6.8833,73.1,82.67,71,82,10.96,MV,2021-07-30 01:39:50,broken clouds
439,Tacuati,-23.45,-56.5833,41.36,57,23,2.89,PY,2021-07-30 01:39:51,few clouds
440,Zinder,13.8072,8.9881,82.51,59,57,5.93,NE,2021-07-30 01:39:51,broken clouds
441,Najran,17.4924,44.1277,83.05,50,17,8.79,SA,2021-07-30 01:39:51,few clouds
442,Saint-Joseph,-21.3667,55.6167,66.58,81,57,15.7,RE,2021-07-30 01:39:52,light rain
443,Takoradi,4.8845,-1.7554,75.29,89,23,8.41,GH,2021-07-30 01:39:52,few clouds
444,Asfi,32.2994,-9.2372,69.17,87,45,16.53,MA,2021-07-30 01:39:52,scattered clouds
445,Filadelfia,39.9523,-75.1638,80.49,87,75,17.27,US,2021-07-30 01:36:04,broken clouds
446,Vostok,46.4856,135.8833,71.06,90,100,1.59,RU,2021-07-30 01:37:00,overcast clouds
447,Neepawa,50.2289,-99.4664,77.81,28,100,6.76,CA,2021-07-30 01:35:36,overcast clouds
448,Manicore,-5.8092,-61.3003,73.35,78,0,5.75,BR,2021-07-30 01:39:53,clear sky
449,Yuyao,30.05,121.1494,89.37,80,94,4.09,CN,2021-07-30 01:39:54,light rain
450,Pemba,-12.974,40.5178,68.7,88,75,10.36,MZ,2021-07-30 01:39:54,broken clouds
451,Smithers,54.7804,-127.1743,77.32,47,20,4.61,CA,2021-07-30 01:35:16,few clouds
452,Hovd,48.0056,91.6419,67.05,39,98,3.53,MN,2021-07-30 01:34:59,overcast clouds
453,Egvekinot,66.3167,-179.1667,34.54,98,100,3.56,RU,2021-07-30 01:39:55,light rain
454,Smidovich,48.6,133.8167,84.99,54,54,5.53,RU,2021-07-30 01:39:55,broken clouds
455,Atbasar,51.8,68.3333,59.31,47,3,2.28,KZ,2021-07-30 01:39:55,clear sky
456,Nabire,-3.3667,135.4833,84.38,67,98,1.63,ID,2021-07-30 01:39:04,overcast clouds
457,Pisco,-13.7,-76.2167,63.01,82,90,6.91,PE,2021-07-30 01:39:56,overcast clouds
458,Noyabrsk,63.1994,75.4507,48.47,83,99,13.38,RU,2021-07-30 01:39:56,overcast clouds
459,Hadejia,12.4498,10.0444,77.36,76,80,5.1,NG,2021-07-30 01:39:56,light rain
460,Andilamena,-17.0167,48.5833,59.25,97,100,10.36,MG,2021-07-30 01:39:57,light rain
461,Kuryk,43.2,51.65,77.07,33,7,9.66,KZ,2021-07-30 01:39:57,clear sky
462,Holme,56.1138,10.1725,60.37,92,79,16.37,DK,2021-07-30 01:39:57,broken clouds
463,Coahuayana,18.7333,-103.6833,89.08,84,33,2.35,MX,2021-07-30 01:38:36,scattered clouds
464,Mahibadhoo,3.7833,72.9667,82.15,71,45,7.38,MV,2021-07-30 01:39:58,scattered clouds
465,Vanimo,-2.6741,141.3028,85.03,70,98,3.96,PG,2021-07-30 01:36:19,overcast clouds
466,Kroya,-7.6331,109.2461,80.94,73,14,4.85,ID,2021-07-30 01:39:58,few clouds
467,Marrakesh,31.6315,-8.0083,82.47,51,40,4.61,MA,2021-07-30 01:39:37,scattered clouds
468,Lavrentiya,65.5833,-171.0,47.14,86,94,10.6,RU,2021-07-30 01:39:59,overcast clouds
469,Gravdal,68.1214,13.5031,48.92,86,42,19.66,NO,2021-07-30 01:39:59,scattered clouds
470,Andenes,69.3143,16.1194,48.18,93,100,24.16,NO,2021-07-30 01:35:14,overcast clouds
471,Madang,-5.2246,145.7966,85.91,65,66,2.98,PG,2021-07-30 01:40:00,broken clouds
472,Carbonia,39.1672,8.5222,77.0,64,0,1.79,IT,2021-07-30 01:40:01,clear sky
473,Harindanga,22.0383,88.3214,82.38,88,100,15.14,IN,2021-07-30 01:40:01,moderate rain
474,Stornoway,58.2093,-6.3865,59.94,94,90,2.3,GB,2021-07-30 01:38:17,overcast clouds
475,Waingapu,-9.6567,120.2641,84.38,56,16,12.71,ID,2021-07-30 01:37:35,few clouds
476,Aklavik,68.2191,-135.0107,67.03,52,100,9.44,CA,2021-07-30 01:38:48,overcast clouds
477,Ostersund,63.1792,14.6357,57.61,100,84,5.75,SE,2021-07-30 01:40:02,broken clouds
478,Fort-Shevchenko,44.5086,50.263,76.93,40,0,9.82,KZ,2021-07-30 01:40:03,clear sky
479,Belmonte,-15.8631,-38.8828,73.9,88,83,17.87,BR,2021-07-30 01:40:03,broken clouds
480,Fengrun,39.8333,118.1167,71.74,91,100,13.82,CN,2021-07-30 01:40:03,overcast clouds
481,Sligo,54.2697,-8.4694,58.6,94,100,4.61,IE,2021-07-30 01:40:04,overcast clouds
482,Makinsk,52.6292,70.4169,52.23,47,1,6.24,KZ,2021-07-30 01:40:04,clear sky
483,Kantunilkin,21.0917,-87.45,85.95,78,57,5.1,MX,2021-07-30 01:40:05,broken clouds
484,Diamantino,-14.4086,-56.4461,58.26,23,5,7.02,BR,2021-07-30 01:40:05,clear sky
485,Whitehorse,60.7161,-135.0538,76.01,28,20,12.66,CA,2021-07-30 01:36:30,few clouds
486,Tongchuan,35.0806,109.0897,86.81,37,0,3.87,CN,2021-07-30 01:40:06,clear sky
487,Kurilsk,45.2333,147.8833,72.64,75,7,10.0,RU,2021-07-30 01:40:06,clear sky
488,Ossora,59.2353,163.0719,52.66,82,100,4.72,RU,2021-07-30 01:36:00,overcast clouds
489,Muana,-1.5283,-49.2167,74.25,94,93,4.12,BR,2021-07-30 01:40:08,overcast clouds
490,Lebanon,36.2081,-86.2911,88.02,77,1,3.44,US,2021-07-30 01:38:27,clear sky
491,Haliyal,15.3333,74.7667,72.09,91,100,9.71,IN,2021-07-30 01:40:08,overcast clouds
492,Margate,51.3813,1.3862,60.91,86,100,1.99,GB,2021-07-30 01:40:09,overcast clouds
493,Sechura,-5.5569,-80.8222,68.27,78,83,15.52,PE,2021-07-30 01:40:09,broken clouds
494,Dubbo,-32.25,148.6167,53.73,54,0,3.44,AU,2021-07-30 01:40:09,clear sky
495,Ghanzi,-21.5667,21.7833,46.6,39,0,7.81,BW,2021-07-30 01:40:10,clear sky
496,Alofi,-19.0595,-169.9187,78.69,73,75,12.66,NU,2021-07-30 01:40:11,broken clouds
497,Ligayan,4.6533,119.4706,84.0,78,67,13.4,PH,2021-07-30 01:40:11,broken clouds
498,Roald,62.5833,6.1333,61.0,88,90,13.8,NO,2021-07-30 01:40:12,overcast clouds
499,Ajdabiya,30.7554,20.2263,79.93,45,0,10.67,LY,2021-07-30 01:40:12,clear sky
500,Hualmay,-11.0964,-77.6139,63.91,84,75,8.3,PE,2021-07-30 01:40:15,broken clouds
501,Dunkwa,5.9656,-1.78,71.2,92,25,1.57,GH,2021-07-30 01:40:15,scattered clouds
502,Merauke,-8.4667,140.3333,82.45,75,100,6.29,ID,2021-07-30 01:39:15,overcast clouds
503,Jaleswar,26.6471,85.8008,81.95,79,100,12.91,NP,2021-07-30 01:40:16,overcast clouds
504,Karratha,-20.7377,116.8463,74.01,59,0,9.48,AU,2021-07-30 01:40:16,clear sky
505,Hoquiam,46.9809,-123.8893,92.53,46,1,9.22,US,2021-07-30 01:40:16,clear sky
506,Xuddur,4.1213,43.8894,67.8,79,93,17.81,SO,2021-07-30 01:40:17,overcast clouds
507,Kampot,10.6167,104.1833,78.85,87,100,13.78,KH,2021-07-30 01:40:17,overcast clouds
508,Bontang,0.1333,117.5,83.88,72,83,5.88,ID,2021-07-30 01:39:25,broken clouds
509,Paita,-5.0892,-81.1144,67.32,85,94,14.03,PE,2021-07-30 01:37:08,overcast clouds
510,Oktyabrskiy,54.4815,53.471,65.12,73,100,8.95,RU,2021-07-30 01:40:18,overcast clouds
511,Mercedes,-34.6515,-59.4307,46.85,57,0,7.74,AR,2021-07-30 01:40:18,clear sky
512,Senneterre,48.3835,-77.2328,59.22,91,89,11.07,CA,2021-07-30 01:40:19,overcast clouds
513,Iturama,-19.7281,-50.1956,49.98,32,0,7.14,BR,2021-07-30 01:40:19,clear sky
514,Oberstdorf,47.4,10.2833,61.97,93,68,1.01,DE,2021-07-30 01:40:20,broken clouds
515,Oranjemund,-28.55,16.4333,55.18,58,0,5.5,NA,2021-07-30 01:40:20,clear sky
516,Okato,-39.2,173.8833,57.42,72,39,11.9,NZ,2021-07-30 01:40:20,scattered clouds
517,Owosso,42.9978,-84.1766,77.72,72,1,5.75,US,2021-07-30 01:40:21,clear sky
518,Roma,43.2128,-75.4557,68.65,94,90,0.0,US,2021-07-30 01:38:47,overcast clouds
519,Mariakani,-3.8633,39.4736,69.89,96,82,5.64,KE,2021-07-30 01:40:21,broken clouds
520,Barnala,30.3833,75.55,77.97,93,100,3.51,IN,2021-07-30 01:40:22,overcast clouds
521,Villiers,-27.0303,28.6006,41.0,49,0,5.84,ZA,2021-07-30 01:40:22,clear sky
522,Palmer,42.1584,-72.3287,71.2,81,90,7.0,US,2021-07-30 01:40:23,overcast clouds
523,Sochi,43.6,39.7303,69.89,94,0,4.92,RU,2021-07-30 01:40:23,clear sky
524,Altamont,42.2068,-121.7372,93.04,16,1,6.91,US,2021-07-30 01:40:24,clear sky
525,Bilibino,68.0546,166.4372,43.88,50,78,10.54,RU,2021-07-30 01:40:24,broken clouds
526,Terralba,39.7192,8.6392,78.03,65,0,3.13,IT,2021-07-30 01:40:24,clear sky
527,Laguitas,8.0892,125.1306,84.22,60,70,1.9,PH,2021-07-30 01:40:25,broken clouds
528,Yinchuan,38.4681,106.2731,88.43,17,0,4.76,CN,2021-07-30 01:40:25,clear sky
529,Iracoubo,5.4802,-53.2011,77.52,86,3,5.5,GF,2021-07-30 01:40:26,clear sky
530,Noumea,-22.2763,166.4572,78.01,99,14,18.23,NC,2021-07-30 01:40:26,few clouds
531,Finnsnes,69.2296,17.9811,48.16,79,100,4.23,NO,2021-07-30 01:40:27,overcast clouds
532,Inirida,3.8653,-67.9239,76.39,78,73,0.78,CO,2021-07-30 01:40:27,broken clouds
533,Baghdad,33.3406,44.4009,89.51,31,0,10.36,IQ,2021-07-30 01:40:27,clear sky
534,Astoria,46.1879,-123.8313,92.01,72,1,23.02,US,2021-07-30 01:40:28,clear sky
535,Buzmeyin,38.0507,58.2056,80.33,57,75,4.61,TM,2021-07-30 01:40:28,broken clouds
536,Tonota,-21.4833,27.4833,50.92,43,0,5.21,BW,2021-07-30 01:40:28,clear sky
537,Kieta,-6.2167,155.6333,85.17,69,27,5.53,PG,2021-07-30 01:40:29,scattered clouds
538,Omsukchan,62.5333,155.8,36.9,90,100,10.27,RU,2021-07-30 01:40:29,light rain
539,Businga,3.3333,20.8833,71.71,82,67,1.3,CD,2021-07-30 01:40:29,broken clouds
540,Besikduzu,41.052,39.2284,75.09,79,5,8.1,TR,2021-07-30 01:40:30,clear sky
541,Aljustrel,37.8776,-8.1652,60.67,80,0,7.07,PT,2021-07-30 01:40:30,clear sky
542,Talcahuano,-36.7167,-73.1167,49.68,93,90,2.3,CL,2021-07-30 01:40:31,overcast clouds
543,Kobyzhcha,50.8285,31.5044,69.71,97,10,7.61,UA,2021-07-30 01:40:31,clear sky
544,Peoria,40.7667,-89.7668,82.67,71,1,3.44,US,2021-07-30 01:29:40,clear sky
545,Acari,-15.4311,-74.6158,65.16,74,51,4.05,PE,2021-07-30 01:40:31,broken clouds
546,Atocha,-20.9333,-66.2333,38.7,20,45,27.87,BO,2021-07-30 01:40:32,scattered clouds
547,Kharp,66.8014,65.8081,47.77,92,100,12.86,RU,2021-07-30 01:40:32,light rain
548,Ballina,-28.8667,153.5667,64.78,39,0,8.05,AU,2021-07-30 01:40:33,clear sky
549,College,64.8569,-147.8028,70.0,60,75,0.0,US,2021-07-30 01:37:45,broken clouds
550,Evensk,61.95,159.2333,52.75,53,99,9.37,RU,2021-07-30 01:40:33,overcast clouds
551,Luau,-10.7073,22.2247,55.63,34,0,5.44,AO,2021-07-30 01:40:33,clear sky
552,Kirkuk,35.4681,44.3922,87.8,36,0,15.93,IQ,2021-07-30 01:40:34,clear sky
553,Fairbanks,64.8378,-147.7164,71.1,60,90,4.61,US,2021-07-30 01:40:01,overcast clouds
554,Chor,25.5167,69.7667,82.69,77,100,21.18,PK,2021-07-30 01:40:35,overcast clouds
555,Mookane,-23.688,26.6595,51.1,34,0,6.46,BW,2021-07-30 01:40:36,clear sky
556,Amzya,56.2354,54.3868,61.09,91,99,8.52,RU,2021-07-30 01:40:36,overcast clouds
557,Sawtell,-30.3833,153.1,68.02,47,0,6.91,AU,2021-07-30 01:40:37,clear sky
